fold,mae,rmse,direction_acc
1,5.111446380615234,6.3646284519059355,44.57478005865102
2,8.32951545715332,9.823783073092947,56.30498533724341
3,4.046789646148682,4.881216536051865,82.11143695014663
4,8.221643447875977,9.670262906466183,26.68621700879765
5,14.177717208862305,15.015909023556015,0.0
